{"cameraMode":{"drawMode":0,"name":"Shaded","section":"Shading Mode"},"sceneLighting":true,"audioPlay":false,"sceneViewState":{"showFog":true,"showMaterialUpdate":false,"showSkybox":true,"showFlares":true,"showImageEffects":true,"showParticleSystems":true},"in2DMode":false,"pivot":{"x":-77.497314453125,"y":1.15298330783844,"z":2.806509256362915},"rotation":{"x":-0.24604225158691407,"y":-0.5561372637748718,"z":0.1767870932817459,"w":-0.7738997936248779},"size":1.170731782913208,"orthographic":false}