{"cameraMode":{"drawMode":0,"name":"Shaded","section":"Shading Mode"},"sceneLighting":true,"audioPlay":false,"sceneViewState":{"showFog":true,"showMaterialUpdate":false,"showSkybox":true,"showFlares":true,"showImageEffects":true,"showParticleSystems":true},"in2DMode":false,"pivot":{"x":-30.54998779296875,"y":35.44999694824219,"z":-2.000001907348633},"rotation":{"x":0.39294102787971499,"y":-0.4980430006980896,"z":0.2702171504497528,"w":0.7242467403411865},"size":238.94973754882813,"orthographic":false}